strategy,trades,win_rate,profit_factor,expectancy,total_return,annualized_return,sharpe,max_drawdown,turnover,stability,score,eligible,folds,parameter_stability
regime,11534,0.36856251083752384,0.5786310248564929,-0.003293824408415211,-0.9964830747047955,-0.5846169803988635,-5.354882923132059,-0.9966270074161245,3323.0999999999995,0.02023809523809524,-0.3338567380337983,True,14,0.5714285714285714
sector_relative,19522,0.3794180924085647,0.5826364418720266,-0.0035539398614263928,-0.9999893153511201,-0.8183724029388274,-5.02456881150174,-0.9999892844036918,6292.799999999999,0.018105009052504527,-0.34013618718158206,True,14,0.5714285714285714
gap,18414,0.37020745085261214,0.5765996414065095,-0.0034240004827154795,-0.9999806864779952,-0.8016211952262826,-5.302524579056483,-0.999980707112373,6087.599999999999,0.0,-0.3413459362200511,True,14,0.8571428571428571
momentum,17480,0.3740846681922197,0.578172680431933,-0.003545311544655938,-0.9999888353410076,-0.8171790630551933,-5.215277158500732,-0.9999888030032595,6085.699999999999,0.003125,-0.3424866899969485,True,14,0.7142857142857143
mean_reversion,16012,0.37334499125655757,0.5651233358159797,-0.0035004529571098994,-0.9999846082842095,-0.8082189791017043,-4.9483897525878975,-0.9999849612133592,6087.5999999999985,0.00125,-0.3427836246292467,True,14,0.9285714285714286
closing_strength,20830,0.3640422467594815,0.5577660347909406,-0.003628250487941479,-0.9999891852553432,-0.8180445397009901,-5.960544772596796,-0.9999891418571308,6087.5999999999985,0.0,-0.3450764299262958,True,14,0.7142857142857143
volume,20918,0.366191796538866,0.5604813202362336,-0.0037234956169497234,-0.9999936183835779,-0.8317997737425658,-6.019964163677242,-0.9999935965650153,6087.599999999999,0.0,-0.34625079030303135,True,14,0.35714285714285715
ml_ranker,835,0.43233532934131735,0.7645983293689106,-0.001699711955933522,-0.2989767603763199,-0.05925560238340877,-2.491865149084424,-0.3680072000979424,298.3,0.0,-0.1551617434442594,False,11,0.25
hybrid,4106,0.4016074037993181,0.5973136283638892,-0.00338568206379433,-0.9716763961705661,-0.47155221823807414,-2.9358104128316436,-0.972711092678828,1708.1,0.0,-0.32914783961220917,False,11,0.3333333333333333
