k,silhouette,validation_selected_cluster_mean,validation_positive_clusters,cluster,count,next_day_return_mean,next_day_return_median,hit_rate,period,fold
4,-1.0,0.0016931580237486545,1.0,,,,,,,1
6,0.30413430728591245,0.0014101243809971054,2.0,,,,,,,1
8,0.27627119429688907,0.002072091893044347,3.0,,,,,,,1
10,0.19118241356123766,0.0024636222756931185,4.0,,,,,,,1
6,,,,0.0,4064.0,0.001922835272415252,0.0006749755398145485,0.5167322834645669,validation,1
6,,,,4.0,1173.0,0.0008974134895789588,-0.0007518796992481702,0.4578005115089514,validation,1
6,,,,0.0,4121.0,0.0013904638060770963,0.0008754012255618449,0.5222033487017714,test,1
6,,,,4.0,1087.0,0.00042323604483987586,-0.0013440860215053752,0.46366145354185834,test,1
4,-1.0,0.0011885865832535827,1.0,,,,,,,2
6,0.2940312905721318,0.0008918793325472037,2.0,,,,,,,2
8,0.2643987819451405,0.0008247182001086742,3.0,,,,,,,2
10,0.18482694251100087,0.0007561822801485658,4.0,,,,,,,2
6,,,,0.0,1098.0,0.00037884767196326517,-0.0013516986518944951,0.46174863387978143,validation,2
6,,,,5.0,4110.0,0.0014049109931311423,0.0008962765079991719,0.5228710462287105,validation,2
6,,,,0.0,1197.0,0.0027148816522840325,-0.000747217806041367,0.47201336675020883,test,2
6,,,,5.0,4096.0,0.0011031588258706068,3.4995281501193354e-05,0.500244140625,test,2
4,0.3318864576934216,0.0020691800948051467,2.0,,,,,,,3
6,0.3029189080427867,0.0019196500107826339,3.0,,,,,,,3
8,0.16710268210380358,0.0024788741155826197,4.0,,,,,,,3
10,0.13970466712253396,0.0025540493282527063,4.0,,,,,,,3
4,,,,0.0,1068.0,0.0030777066558611015,-0.0004747353035876589,0.47752808988764045,validation,3
4,,,,1.0,4225.0,0.0010606535337491921,0.0,0.4979881656804734,validation,3
4,,,,0.0,1048.0,-0.0006623686158128666,-0.001947019388879867,0.4541984732824427,test,3
4,,,,1.0,4340.0,0.00039976492680511176,-0.0003992310366433549,0.4806451612903226,test,3
4,0.26354884021544006,0.00047825397341850535,2.0,,,,,,,4
6,0.1438759787818619,0.0013322704516221025,4.0,,,,,,,4
8,0.14829135157061327,0.0007187855428309717,3.0,,,,,,,4
10,0.14150470199597023,0.0007361650003102319,5.0,,,,,,,4
4,,,,0.0,774.0,-0.0009551370996592814,-0.002278373465043837,0.4509043927648579,validation,4
4,,,,1.0,3683.0,0.00030716903110278337,-0.0007861635220126617,0.46728210697800704,validation,4
4,,,,2.0,911.0,0.0006493389157342273,0.0008395124861502179,0.5268935236004391,validation,4
4,,,,3.0,20.0,0.0028621147156576154,0.0015755427609120964,0.6,validation,4
4,,,,0.0,733.0,-0.0010847676512576374,-0.0014685725474838929,0.461118690313779,test,4
4,,,,1.0,3371.0,-0.00018919158231716507,-0.0007614213197970621,0.47107683180065263,test,4
4,,,,2.0,1195.0,0.0005974613773366635,0.0,0.497071129707113,test,4
4,,,,3.0,125.0,-0.00013854991276403617,-0.0030592046068023127,0.44,test,4
4,0.22186256536228868,0.00029487235502198615,1.0,,,,,,,5
6,0.1676208263552625,0.0006403267169016576,3.0,,,,,,,5
8,0.1394003296039742,0.0007966082361141333,3.0,,,,,,,5
10,0.126814825768485,0.0025238586670005337,2.0,,,,,,,5
4,,,,0.0,1292.0,0.00029487235502198615,0.0,0.49458204334365324,validation,5
4,,,,1.0,700.0,-0.0010631398120870183,-0.0016167257285904513,0.4585714285714286,validation,5
4,,,,2.0,3312.0,-0.00010278924952760494,-0.0007215890970861394,0.4716183574879227,validation,5
4,,,,3.0,120.0,-0.00027159271111057426,-0.0029135163379175877,0.44166666666666665,validation,5
4,,,,0.0,1382.0,0.00048374247631246365,-0.0003549214432155279,0.48914616497829233,test,5
4,,,,1.0,876.0,0.002412470299453263,-0.00024185550570859915,0.4942922374429224,test,5
4,,,,2.0,3220.0,1.9109376965518984e-05,-0.0005517298527705217,0.4751552795031056,test,5
4,,,,3.0,16.0,-0.010811679590497579,-0.008666043690386538,0.3125,test,5
4,0.20861858701895802,0.0007460478931883915,3.0,,,,,,,6
6,0.11892560156123837,0.003747884271213912,3.0,,,,,,,6
8,0.13281487183735122,0.0027852166588661262,5.0,,,,,,,6
10,0.11661515831068278,0.0007873176724457051,6.0,,,,,,,6
4,,,,0.0,939.0,0.001833959230340663,-0.0008748906386701893,0.48775292864749736,validation,6
4,,,,1.0,1526.0,0.00030451807482780605,-0.0004667666896520095,0.48623853211009177,validation,6
4,,,,2.0,2996.0,9.966637439670552e-05,-0.00046399904437627315,0.47630173564753003,validation,6
4,,,,3.0,33.0,0.0056066256907954075,0.0012278978388999828,0.5151515151515151,validation,6
4,,,,0.0,1127.0,-0.0038203795045576444,-0.004565746753246724,0.4010647737355812,test,6
4,,,,1.0,1906.0,-0.00020779675063611615,-0.0003196389200812999,0.48898216159496327,test,6
4,,,,2.0,2362.0,-0.00011931502175264398,-0.0004613254602723327,0.4758679085520745,test,6
4,,,,3.0,183.0,0.0007720857377364555,0.0033112582781458233,0.5300546448087432,test,6
4,0.17302431893091683,0.000610178458771798,1.0,,,,,,,7
6,0.06906820889416143,0.0018958075728227133,3.0,,,,,,,7
8,0.0758829588425291,0.0004078069556006209,2.0,,,,,,,7
10,0.07371607090087055,0.000459417381065477,2.0,,,,,,,7
4,,,,0.0,1149.0,-0.0037659452929615024,-0.00452532254958582,0.402088772845953,validation,7
4,,,,1.0,2456.0,-2.8516034554696292e-05,-0.0004212794127207986,0.4776058631921824,validation,7
4,,,,2.0,1808.0,-0.0003018427118037184,-0.0005131333712408148,0.48783185840707965,validation,7
4,,,,3.0,165.0,0.000610178458771798,0.0037792894935753107,0.5333333333333333,validation,7
4,,,,0.0,887.0,-0.0017153208870765312,-0.0025729846298873094,0.44532130777903045,test,7
4,,,,1.0,3300.0,-0.00030905752365877255,-9.361348271114123e-05,0.486969696969697,test,7
4,,,,2.0,1359.0,-6.399424209490432e-05,0.0005200208008320217,0.5091979396615158,test,7
4,,,,3.0,56.0,0.009271534442133843,0.012242456541291746,0.6071428571428571,test,7
4,0.23805728399078835,8.475458340533628e-05,1.0,,,,,,,8
6,0.13815401665655505,0.000321025162878601,1.0,,,,,,,8
8,0.14148163445645287,0.001784125904255339,2.0,,,,,,,8
10,0.1354654594979729,0.002875551797978029,2.0,,,,,,,8
4,,,,0.0,1205.0,8.475458340533628e-05,0.0008460236886631556,0.5145228215767634,validation,8
4,,,,1.0,3469.0,-0.0003892460706487051,-0.00020639834881319707,0.4851542231190545,validation,8
4,,,,2.0,61.0,0.007921884638904971,0.009623361539737862,0.5737704918032787,validation,8
4,,,,3.0,867.0,-0.0015504167451610006,-0.0025316455696202667,0.44982698961937717,validation,8
4,,,,0.0,1119.0,0.0026390009348712614,0.0027792252909499826,0.5495978552278821,test,8
4,,,,1.0,3563.0,0.0015077897620242768,0.0001431844215349365,0.5021049677238283,test,8
4,,,,2.0,46.0,0.005441007412077894,-0.004266311604777695,0.45652173913043476,test,8
4,,,,3.0,874.0,0.0011840331427465768,-0.001319619101852354,0.459954233409611,test,8
4,0.2284758801275621,0.001824017247877375,3.0,,,,,,,9
6,0.13794817503748547,0.002198830572490207,5.0,,,,,,,9
8,0.1390929848745063,0.002428141020275647,5.0,,,,,,,9
10,0.14525139941137044,0.002655404766715067,6.0,,,,,,,9
4,,,,0.0,83.0,0.0013955089555689592,-0.00576764625102999,0.42168674698795183,validation,9
4,,,,1.0,845.0,0.001346603976601321,-0.0011223344556676729,0.46272189349112425,validation,9
4,,,,2.0,3473.0,0.0014973846409265822,8.332824105172776e-06,0.5001439677512237,validation,9
4,,,,3.0,1201.0,0.002628063126104222,0.0027792252909499826,0.5528726061615321,validation,9
4,,,,0.0,105.0,0.0014413256264564044,-0.002918642831083562,0.41904761904761906,test,9
4,,,,1.0,919.0,-0.003403141975044798,-0.0036730945821854544,0.40805223068552776,test,9
4,,,,2.0,3081.0,-0.0017181382374908975,-0.0013317191283293006,0.45472249269717624,test,9
4,,,,3.0,1480.0,0.0012064961611399844,0.0018851628849622104,0.5358108108108108,test,9
4,0.22044156483981692,0.0011213500008495085,2.0,,,,,,,10
6,0.12752936252701444,0.0050990167346534375,1.0,,,,,,,10
8,0.13101089885126974,0.0029852777767149057,2.0,,,,,,,10
10,0.13546127190950133,0.0054567347832691175,1.0,,,,,,,10
10,,,,0.0,410.0,-0.00394666805688454,-0.003481653253816608,0.4146341463414634,validation,10
10,,,,1.0,1010.0,-0.002744242968785872,-0.0032282813984362835,0.4079207920792079,validation,10
10,,,,2.0,1172.0,-0.00018962789619090235,0.0002514178780570475,0.5059726962457338,validation,10
10,,,,3.0,231.0,-0.0028581892016458148,-0.0038031319910515338,0.4155844155844156,validation,10
10,,,,4.0,21.0,0.006289031425368165,0.0027297543221109777,0.5238095238095238,validation,10
10,,,,5.0,1532.0,-0.0012403514321026885,-0.0008333257905956404,0.46736292428198434,validation,10
10,,,,6.0,457.0,-0.0015761742118613298,0.0,0.48577680525164113,validation,10
10,,,,7.0,340.0,0.0054567347832691175,0.007338130602580151,0.6147058823529412,validation,10
10,,,,8.0,361.0,-0.0015680224306230631,-0.0017513134851138146,0.45429362880886426,validation,10
10,,,,9.0,51.0,-0.00024679125069748675,-0.00550584996558845,0.39215686274509803,validation,10
10,,,,0.0,313.0,0.0026422945770555803,-0.0003776435045318438,0.48562300319488816,test,10
10,,,,1.0,984.0,0.00021177295151827662,-0.001144748417075736,0.47865853658536583,test,10
10,,,,2.0,1063.0,0.004758990293650932,0.002612994350282616,0.5531514581373471,test,10
10,,,,3.0,391.0,0.004552329131358942,0.0008992805755394517,0.5038363171355499,test,10
10,,,,4.0,19.0,0.01000110870734694,0.00996274798579222,0.6842105263157895,test,10
10,,,,5.0,1381.0,0.0007000294518481504,-0.00031710797526562917,0.49094858797972485,test,10
10,,,,6.0,833.0,0.001153420561888937,4.8685491723432506e-05,0.5006002400960384,test,10
10,,,,7.0,237.0,0.006224464065005324,0.0032383419689119286,0.5443037974683544,test,10
10,,,,8.0,237.0,-0.0003573043822198286,-0.0014053089449029832,0.47257383966244726,test,10
10,,,,9.0,73.0,0.002308258585869756,0.0004339336081580214,0.5342465753424658,test,10
4,0.14796801050314962,0.0029338813675392527,4.0,,,,,,,11
6,0.1234991114441679,0.004240304407526041,4.0,,,,,,,11
8,0.1117344130301938,0.0037456170512441523,7.0,,,,,,,11
10,0.1185993877749304,0.0031847332229369162,7.0,,,,,,,11
6,,,,0.0,320.0,0.0067138803594331085,0.004517089093701965,0.5625,validation,11
6,,,,1.0,1977.0,-7.49516223854447e-05,-0.001013464601129388,0.47243297926150735,validation,11
6,,,,2.0,340.0,0.005523424831652642,0.001524156348403194,0.5176470588235295,validation,11
6,,,,3.0,1193.0,0.0012276513835156302,0.0,0.49706621961441744,validation,11
6,,,,4.0,1603.0,0.0034962610555027826,0.001692267638635947,0.5377417342482844,validation,11
6,,,,5.0,98.0,0.006157648721215491,0.0016923747694124192,0.5204081632653061,validation,11
6,,,,0.0,248.0,0.002339992703412136,0.0014943891259679987,0.532258064516129,test,11
6,,,,1.0,2625.0,0.00018238116580049919,-0.0002666903724777292,0.4826666666666667,test,11
6,,,,2.0,137.0,0.007329284599953758,0.0029457973291437956,0.5328467153284672,test,11
6,,,,3.0,962.0,0.000652328354398923,-0.000936105216345906,0.4760914760914761,test,11
6,,,,4.0,1488.0,-0.0009540970130688347,0.0,0.4899193548387097,test,11
6,,,,5.0,66.0,0.0038197492018182174,0.007465192465192505,0.6060606060606061,test,11
4,0.18804989980319334,0.0018746651713879067,3.0,,,,,,,12
6,0.16716243236060718,0.0025872586908595764,4.0,,,,,,,12
8,0.16609346665144184,0.0021336216555052833,6.0,,,,,,,12
10,0.1471783875253111,0.0026144731686498085,5.0,,,,,,,12
4,,,,0.0,473.0,0.0013972237746535535,0.002137894174238486,0.5454545454545454,validation,12
4,,,,1.0,3028.0,-0.0005574446155467166,-0.00043004157761972195,0.47820343461030385,validation,12
4,,,,2.0,264.0,0.003268645205839379,0.0,0.4962121212121212,validation,12
4,,,,3.0,1761.0,0.0009581265336707869,-0.0001105338786338006,0.4894946053378762,validation,12
4,,,,0.0,2063.0,-0.003861084412689826,-0.002936857562408024,0.46437227338826953,test,12
4,,,,1.0,1162.0,-0.0017402976900683191,-0.0008721255390608529,0.46987951807228917,test,12
4,,,,2.0,1118.0,-0.004704028066514495,-0.0038233356338953084,0.45706618962432916,test,12
4,,,,3.0,960.0,0.0008784964207887709,0.0009079267694361848,0.5135416666666667,test,12
4,-0.021190805481729132,0.0010190755101441135,1.0,,,,,,,13
6,0.0006629373522723802,0.0016067246094197934,3.0,,,,,,,13
8,0.022402879489989116,0.003189365277866447,3.0,,,,,,,13
10,0.021294595518395087,0.0034966962643927842,3.0,,,,,,,13
10,,,,0.0,414.0,-6.36747400727429e-05,-0.0007926707047751225,0.45652173913043476,validation,13
10,,,,1.0,170.0,-0.003809609406801632,-0.001558901098901111,0.47058823529411764,validation,13
10,,,,2.0,561.0,0.005909428249309977,0.0044967880085653444,0.5365418894830659,validation,13
10,,,,3.0,471.0,0.0032825165652941497,0.0013745704467353903,0.5371549893842887,validation,13
10,,,,4.0,795.0,-0.002633140179380341,-0.001704303365999249,0.47044025157232705,validation,13
10,,,,5.0,340.0,-0.010499899644418687,-0.005568008695476134,0.4411764705882353,validation,13
10,,,,6.0,660.0,-0.007481236050911734,-0.007622868262981863,0.4015151515151515,validation,13
10,,,,7.0,695.0,-0.009235856867451497,-0.006205250596658773,0.4302158273381295,validation,13
10,,,,8.0,526.0,0.0012981439785742274,0.002508708864748188,0.5475285171102662,validation,13
10,,,,9.0,671.0,-0.0033586059266085184,-0.0022714366837024436,0.46050670640834573,validation,13
10,,,,0.0,1507.0,0.004197695177214919,0.0015659955257270042,0.544127405441274,test,13
10,,,,1.0,322.0,0.006284934392608215,0.0025863592973153215,0.5496894409937888,test,13
10,,,,2.0,77.0,-0.00814356636159533,-0.012526096033402934,0.3116883116883117,test,13
10,,,,3.0,1217.0,0.002505687445380476,0.00041050903119876914,0.5061626951520132,test,13
10,,,,4.0,832.0,0.003418819337389515,0.002410082992929552,0.5600961538461539,test,13
10,,,,5.0,183.0,0.009764601769829259,0.0024517087667161874,0.5191256830601093,test,13
10,,,,6.0,299.0,0.004644039259869468,0.0009433962264151496,0.5083612040133779,test,13
10,,,,7.0,95.0,0.003972541011797182,0.0013651877133105117,0.5368421052631579,test,13
10,,,,8.0,624.0,0.002667898555824587,-0.0014812025126693107,0.46634615384615385,test,13
10,,,,9.0,318.0,0.0028110747728205105,0.0,0.4968553459119497,test,13
4,0.23749256504795543,0.004023600984545351,3.0,,,,,,,14
6,0.16033172924241315,0.004221425241887583,5.0,,,,,,,14
8,0.1434659584372255,0.004870782047731473,5.0,,,,,,,14
10,0.1166824924696714,0.00509788404838776,7.0,,,,,,,14
4,,,,0.0,57.0,-0.008441080242832456,-0.01431057822471482,0.2982456140350877,validation,14
4,,,,1.0,825.0,0.0038272181875759793,0.00256191289496166,0.5563636363636364,validation,14
4,,,,2.0,3610.0,0.0034081271957717655,0.0008789297875890778,0.5243767313019391,validation,14
4,,,,3.0,982.0,0.0048354575702883075,-0.0002897888127969539,0.48981670061099797,validation,14
4,,,,0.0,16.0,-0.010020112239166934,-0.004081660224161954,0.4375,test,14
4,,,,1.0,1026.0,0.0041929493653813715,0.004105026057087735,0.5701754385964912,test,14
4,,,,2.0,3553.0,0.0013291950167875664,5.5604982206247655e-05,0.5012665353222628,test,14
4,,,,3.0,989.0,0.0019264641306384615,0.0007474772642330763,0.5116279069767442,test,14
4,0.23129158086299892,0.0024435924222929355,3.0,,,,,,,15
6,0.16832036730397712,0.0030585287054164098,5.0,,,,,,,15
8,0.14518463613836355,0.0034102993156994257,7.0,,,,,,,15
10,0.11988390203194843,0.0028237120571517867,7.0,,,,,,,15
4,,,,0.0,21.0,-0.010689259946586522,-0.0036402569593148026,0.42857142857142855,validation,15
4,,,,1.0,3520.0,0.0013284906992589085,4.993284114829244e-05,0.5008522727272727,validation,15
4,,,,2.0,1118.0,0.003966939354097571,0.004039701500304416,0.5661896243291592,validation,15
4,,,,3.0,925.0,0.0020353472135223273,0.001015744032503818,0.5124324324324324,validation,15
4,,,,0.0,14.0,0.009378183353621814,-0.013610966797336255,0.35714285714285715,test,15
4,,,,1.0,3768.0,0.0017581887982269365,0.00029220785057071375,0.5058386411889597,test,15
4,,,,2.0,953.0,0.007935782572600098,0.007180539273153652,0.6107030430220357,test,15
4,,,,3.0,991.0,0.0063188369008781425,0.002925531914893531,0.5610494450050454,test,15
4,0.25871191684909534,0.005222329584336893,3.0,,,,,,,16
6,0.1572355854373574,0.005032314441178635,5.0,,,,,,,16
8,0.15445864684804475,0.006008916088532352,7.0,,,,,,,16
10,0.1124802056360783,0.006991345733235206,7.0,,,,,,,16
4,,,,0.0,1014.0,0.0075676074479135436,0.0068134226770621975,0.6035502958579881,validation,16
4,,,,1.0,993.0,0.006354033235764006,0.002925531914893531,0.5609264853977844,validation,16
4,,,,2.0,14.0,0.009378183353621814,-0.013610966797336255,0.35714285714285715,validation,16
4,,,,3.0,3705.0,0.001745348069333128,0.00029442939583090855,0.5060728744939271,validation,16
4,,,,0.0,1010.0,0.0019431634500508294,0.002137346946618268,0.5405940594059406,test,16
4,,,,1.0,768.0,0.003220434472050639,0.0009573838920007294,0.515625,test,16
4,,,,2.0,52.0,0.011677262557784717,0.004216268196845729,0.5961538461538461,test,16
4,,,,3.0,3977.0,0.0015566530871009635,0.0009922822491730265,0.5204928337943173,test,16
4,0.24946822889985282,0.002128100037443584,3.0,,,,,,,17
6,0.1812917509513889,0.0031597612684123,5.0,,,,,,,17
8,0.15282415312030212,0.003635287207343374,7.0,,,,,,,17
10,0.13903424413198143,0.002203752819420988,6.0,,,,,,,17
4,,,,0.0,729.0,0.0028193441071000446,0.0007271669575334982,0.5116598079561042,validation,17
4,,,,1.0,52.0,0.011677262557784717,0.004216268196845729,0.5961538461538461,validation,17
4,,,,2.0,982.0,0.0019089764378648459,0.00203863296329998,0.539714867617108,validation,17
4,,,,3.0,4044.0,0.0016559795673658625,0.0010364908483210256,0.521513353115727,validation,17
4,,,,0.0,513.0,0.0013813025509184266,-0.0014883720930232158,0.4756335282651072,test,17
4,,,,1.0,37.0,0.007590604895728414,0.009711510996858186,0.5405405405405406,test,17
4,,,,2.0,612.0,0.0018756174967811704,1.3889274702028054e-05,0.5,test,17
4,,,,3.0,4721.0,0.0015378195336472281,0.0,0.49777589493751323,test,17
4,0.32542543582684286,0.0014949196639729493,3.0,,,,,,,18
6,0.23446388271636792,0.001615577531157801,4.0,,,,,,,18
8,0.18063914506874204,0.0015994971254660354,3.0,,,,,,,18
10,0.18626342575459112,0.0017151852964459467,6.0,,,,,,,18
4,,,,0.0,617.0,0.0016115801533860786,0.0,0.49756888168557534,validation,18
4,,,,1.0,4710.0,0.0015819018327832154,0.0,0.4989384288747346,validation,18
4,,,,2.0,517.0,0.0012912770057495538,-0.0017349526224476053,0.46808510638297873,validation,18
4,,,,3.0,39.0,0.007299787618488989,0.008838383838383868,0.5384615384615384,validation,18
4,,,,0.0,1108.0,0.0018372518496473406,0.0010785301840320338,0.5117328519855595,test,18
4,,,,1.0,4144.0,0.0005433699590251508,0.0,0.49131274131274133,test,18
4,,,,2.0,678.0,0.002552583465043842,-0.0014016128299204067,0.4808259587020649,test,18
4,,,,3.0,39.0,-0.002781754830394997,0.0002778549597111102,0.5128205128205128,test,18
4,0.2656411432898696,0.0015459192067389827,3.0,,,,,,,19
6,0.1916958394775394,0.002458129879990841,5.0,,,,,,,19
8,0.1585781200287529,0.003586614150246893,5.0,,,,,,,19
10,0.1453572671089487,0.0013546443744113959,5.0,,,,,,,19
4,,,,0.0,691.0,0.00207484939322384,-0.0017478991596637794,0.4761215629522431,validation,19
4,,,,1.0,1131.0,0.0020161738884961118,0.0009687034277199302,0.5101679929266136,validation,19
4,,,,2.0,4104.0,0.000546734338496996,0.0,0.4919590643274854,validation,19
4,,,,3.0,43.0,-0.001122046820340672,0.003768191268191279,0.5581395348837209,validation,19
4,,,,0.0,598.0,-0.0003376504787273764,-0.0005930224279728225,0.47324414715719065,test,19
4,,,,1.0,1057.0,-0.001922796186889887,0.0004930156121609741,0.5052034058656575,test,19
4,,,,2.0,4196.0,-0.0012563278456828172,-0.0003321287434736586,0.48379408960915155,test,19
4,,,,3.0,131.0,0.02519655011071059,0.024012676743052186,0.7557251908396947,test,19
4,0.26768637130452544,0.02547324282737486,1.0,,,,,,,20
6,0.18243538609485158,0.0013857464446304993,3.0,,,,,,,20
8,0.16042341397298046,0.005476596544620766,3.0,,,,,,,20
10,0.1472119295755081,0.006132172663347812,3.0,,,,,,,20
4,,,,0.0,137.0,0.02547324282737486,0.023757041391133882,0.7664233576642335,validation,20
4,,,,1.0,602.0,-0.00043564881312726947,-0.0008682631950027164,0.4684385382059801,validation,20
4,,,,2.0,4212.0,-0.0012117558267374525,-0.0002912546458316845,0.4855175688509022,validation,20
4,,,,3.0,1031.0,-0.0022587509907208386,-0.00012464165524106452,0.498545101842871,validation,20
4,,,,0.0,58.0,-0.005388747836264213,0.000398846807318165,0.5172413793103449,test,20
4,,,,1.0,640.0,0.00041371521422700305,-0.0007060253699086583,0.484375,test,20
4,,,,2.0,4159.0,-6.801787842801061e-05,-0.0003721622627463894,0.4844914642943015,test,20
4,,,,3.0,1124.0,0.00133283729897593,0.0004498133693240369,0.5062277580071174,test,20
4,0.2555524346915297,0.0009048590206053439,2.0,,,,,,,21
6,0.17484559126908225,0.00350484903689448,2.0,,,,,,,21
8,0.14964950146372233,0.003210092677726667,4.0,,,,,,,21
10,0.133286997317467,0.0026079310546263347,5.0,,,,,,,21
4,,,,0.0,4155.0,-4.7106406525973406e-05,-0.0003721622627463894,0.4844765342960289,validation,21
4,,,,1.0,635.0,0.0005490476749210446,-0.000608272506082641,0.4881889763779528,validation,21
4,,,,2.0,1121.0,0.0012606703662896431,0.0004054492377554286,0.5049063336306869,validation,21
4,,,,3.0,70.0,-0.005695378640018952,-0.0005019660544522409,0.5,validation,21
4,,,,0.0,4689.0,0.0024919834474868515,0.00170990566037732,0.5487310727233952,test,21
4,,,,1.0,593.0,0.001927875653439314,0.0004928536224741986,0.5075885328836425,test,21
4,,,,2.0,645.0,0.0035312816678328097,0.00390625,0.5736434108527132,test,21
4,,,,3.0,49.0,0.010100215812750599,0.015423866403803776,0.7755102040816326,test,21
4,0.18219823590401085,0.0025616578143144338,4.0,,,,,,,22
6,0.18671049810417295,0.0028829898748245126,6.0,,,,,,,22
8,0.1468641570857079,0.002979484947453394,6.0,,,,,,,22
10,0.14395503827133016,0.0032918785868417877,8.0,,,,,,,22
6,,,,0.0,417.0,0.004205791192782866,0.0037678975131876236,0.5707434052757794,validation,22
6,,,,1.0,1896.0,0.002527724016172515,0.0012550808511705425,0.5327004219409283,validation,22
6,,,,2.0,275.0,0.004283567249444828,0.004066073697585937,0.5927272727272728,validation,22
6,,,,3.0,2869.0,0.002369039474651992,0.001919631430765234,0.5545486232136633,validation,22
6,,,,4.0,235.0,0.0006400638328424424,-0.0016962329493250827,0.4765957446808511,validation,22
6,,,,5.0,284.0,0.0032717534830524367,0.0039569462397731625,0.5915492957746479,validation,22
6,,,,0.0,458.0,0.002123734652732007,0.0018372262919937876,0.5305676855895196,test,22
6,,,,1.0,1655.0,0.00012767268641163823,-0.0011082379017361976,0.46283987915407854,test,22
6,,,,2.0,274.0,0.002923296223452475,0.0008973173392167189,0.5218978102189781,test,22
6,,,,3.0,3248.0,0.0009063616490965585,0.0006435637472291811,0.5230911330049262,test,22
6,,,,4.0,209.0,0.005265980125509279,0.005868477072665579,0.5741626794258373,test,22
6,,,,5.0,141.0,0.0006356924010795302,-0.00104843782763675,0.475177304964539,test,22
4,0.18506646837770532,0.0020317811350052425,4.0,,,,,,,23
6,0.1626504114438853,0.0022283002423640307,6.0,,,,,,,23
8,0.16448823983030855,0.002271469282707078,6.0,,,,,,,23
10,0.1499366194991262,0.0019228785096343157,6.0,,,,,,,23
4,,,,0.0,1924.0,0.00039283205048090545,-0.0007472244752295687,0.47401247401247404,validation,23
4,,,,1.0,486.0,0.0016808602274250583,0.0009430434858689329,0.5123456790123457,validation,23
4,,,,2.0,293.0,0.005125806148102214,0.0044091710758378255,0.5733788395904437,validation,23
4,,,,3.0,3282.0,0.0009276261140127923,0.0006014610001242593,0.5207190737355272,validation,23
4,,,,0.0,1740.0,-0.0014366689916278448,-0.002133955732872339,0.42873563218390803,test,23
4,,,,1.0,548.0,-0.004641627120784271,-0.0005242881450471248,0.47992700729927007,test,23
4,,,,2.0,209.0,0.005992684111963949,0.005232177894048506,0.5980861244019139,test,23
4,,,,3.0,3448.0,-0.0013353818903944377,-0.0012101506603350853,0.4582366589327146,test,23
4,0.1806883750716918,0.006234827620359418,1.0,,,,,,,24
6,0.1574586210094193,0.010516661327753292,1.0,,,,,,,24
8,0.14543423893423874,0.0006530894787604976,1.0,,,,,,,24
10,0.15409344387029353,0.0013362088501690803,1.0,,,,,,,24
6,,,,0.0,639.0,-0.00024676991667722293,-0.0007782101167315147,0.4835680751173709,validation,24
6,,,,1.0,2540.0,-0.001546907338369856,-0.0019487868777667838,0.4248031496062992,validation,24
6,,,,2.0,315.0,-0.0059047985927730045,-0.0013115284974093422,0.4603174603174603,validation,24
6,,,,3.0,2167.0,-0.0014968731628575416,-0.000958466453674145,0.47115828334102444,validation,24
6,,,,4.0,115.0,0.010516661327753292,0.007541478129713397,0.6434782608695652,validation,24
6,,,,5.0,169.0,-0.0024508356339730556,0.0016034818462948852,0.5088757396449705,validation,24
6,,,,0.0,782.0,0.0036231678617851086,0.0009828637830469056,0.5332480818414322,test,24
6,,,,1.0,3093.0,0.0025934405248036812,0.0020618556701030855,0.5738764953119948,test,24
6,,,,2.0,169.0,0.002611040746232338,0.003913043478260825,0.6035502958579881,test,24
6,,,,3.0,1725.0,0.0020407645266364628,0.0020776730062330717,0.5698550724637681,test,24
6,,,,4.0,105.0,0.007426785388536742,0.0028109627547432403,0.5619047619047619,test,24
6,,,,5.0,107.0,-7.064710418979128e-05,0.0,0.4953271028037383,test,24
4,0.16901891162330418,0.003237727356470822,4.0,,,,,,,25
6,0.19303261790981668,0.003378555518185973,5.0,,,,,,,25
8,0.15739568907083432,0.003017309671489954,5.0,,,,,,,25
10,0.16401337792892884,0.0026248423118686985,6.0,,,,,,,25
6,,,,0.0,101.0,-0.0004043701912453176,0.0,0.49504950495049505,validation,25
6,,,,1.0,1233.0,0.002252388579802107,0.002504472271914082,0.578264395782644,validation,25
6,,,,2.0,110.0,0.0016419142798613662,0.0030698461731136772,0.5727272727272728,validation,25
6,,,,3.0,131.0,0.007337899739021947,0.0017371163867978545,0.549618320610687,validation,25
6,,,,4.0,3398.0,0.0025123757209136854,0.002076768188340128,0.5729841082989994,validation,25
6,,,,5.0,1008.0,0.00314819927133076,0.001001376225719719,0.5396825396825397,validation,25
6,,,,0.0,81.0,0.0031405208910208955,-0.0011999999999999789,0.4691358024691358,test,25
6,,,,1.0,1353.0,0.0016947040642522795,0.0013376136971643415,0.5351071692535108,test,25
6,,,,2.0,134.0,0.005781566729557011,0.005546743788898967,0.5970149253731343,test,25
6,,,,3.0,162.0,0.00439907828533361,-0.0011028638254982348,0.48148148148148145,test,25
6,,,,4.0,3309.0,0.0016905307364016237,0.0009009009009008917,0.5330915684496826,test,25
6,,,,5.0,945.0,0.001841457316114862,0.0,0.4973544973544973,test,25
4,0.18269807366383894,0.0024282403163628616,4.0,,,,,,,26
6,0.22518967627658343,0.0022475737168032132,4.0,,,,,,,26
8,0.1905016052440049,0.003012716720556625,4.0,,,,,,,26
10,0.16540920454045752,0.0017884109984444435,5.0,,,,,,,26
6,,,,0.0,443.0,0.00115091558493963,0.0,0.4966139954853273,validation,26
6,,,,1.0,3604.0,0.0017895694969514468,0.0012153492929131149,0.5410654827968924,validation,26
6,,,,2.0,68.0,0.0016675666613135114,-0.002669442241896691,0.4117647058823529,validation,26
6,,,,3.0,1635.0,0.002055907702852494,0.0006067961165048263,0.5149847094801223,validation,26
6,,,,5.0,234.0,0.003993902082469282,-0.000933585215292243,0.48717948717948717,validation,26
6,,,,0.0,490.0,0.002963798592152742,0.00269359691517268,0.5591836734693878,test,26
6,,,,1.0,3608.0,0.0012540096655233555,0.0007725019155898627,0.5246674057649667,test,26
6,,,,2.0,73.0,0.00861713814128937,0.002954694681549519,0.6712328767123288,test,26
6,,,,3.0,1610.0,0.002119810586930756,0.0006267054935706895,0.522360248447205,test,26
6,,,,5.0,267.0,0.007927108606854576,0.0010379677683693966,0.5168539325842697,test,26
4,0.15546697419740238,0.0040704477847513885,4.0,,,,,,,27
6,0.19346942030263814,0.0035192884578469966,4.0,,,,,,,27
8,0.15948074655520264,0.004321623518800398,6.0,,,,,,,27
10,0.14504908167818736,0.0041760571472656575,6.0,,,,,,,27
6,,,,0.0,284.0,0.007541909075402928,0.0010338639171370012,0.5176056338028169,validation,27
6,,,,1.0,1717.0,0.00199974624256293,0.0006153846153846843,0.5218404193360513,validation,27
6,,,,2.0,460.0,0.0032924158789251873,0.0030445448657479,0.5717391304347826,validation,27
6,,,,3.0,3504.0,0.0012430826344969408,0.000710619070810159,0.5234018264840182,validation,27
6,,,,5.0,83.0,0.008306903363711727,0.00487156775907871,0.6626506024096386,validation,27
6,,,,0.0,344.0,0.0022094008071254284,0.0011724137755616537,0.5145348837209303,test,27
6,,,,1.0,2074.0,0.0027470262056710558,0.0010356591108972024,0.5265188042430087,test,27
6,,,,2.0,725.0,0.004839127538811222,0.006451612903225712,0.6193103448275862,test,27
6,,,,3.0,2784.0,0.0009843159585562408,0.0005103999040151352,0.5140086206896551,test,27
6,,,,5.0,121.0,-0.0016997457655138003,-0.0021659085986571736,0.4132231404958678,test,27
4,0.16516258235219844,0.002876292119818991,4.0,,,,,,,28
6,0.17512730406063434,0.0020315103614861477,5.0,,,,,,,28
8,0.13734755419415806,0.003322426616824695,6.0,,,,,,,28
10,0.1258730841908954,0.004158564580601173,7.0,,,,,,,28
4,,,,0.0,463.0,0.005744268031021627,0.006451612903225712,0.5982721382289417,validation,28
4,,,,1.0,2310.0,0.002463032620399762,0.000990999248709823,0.5268398268398269,validation,28
4,,,,2.0,2768.0,0.0010964969679945712,0.0008686691951012016,0.523121387283237,validation,28
4,,,,3.0,507.0,0.0022013708598600033,0.00026068821689251287,0.5069033530571992,validation,28
4,,,,0.0,424.0,0.009921452182205748,0.005674785650896297,0.6061320754716981,test,28
4,,,,1.0,2264.0,0.0032594039600536266,0.0017093545103079588,0.541077738515901,test,28
4,,,,2.0,2768.0,0.0014832554704599773,0.000827335202408519,0.5216763005780347,test,28
4,,,,3.0,592.0,-0.0008801791292813143,0.002948423359404706,0.5456081081081081,test,28
4,0.1561205606638264,0.004188094918810358,3.0,,,,,,,29
6,0.11811697901036368,0.004716361730669103,5.0,,,,,,,29
8,0.12145049277768985,0.004861412417557778,6.0,,,,,,,29
10,0.1232751900596354,0.006172783033571486,7.0,,,,,,,29
10,,,,0.0,731.0,0.0030949505757820366,0.0014920406607914494,0.5444596443228454,validation,29
10,,,,1.0,1401.0,0.0024162539782165648,0.0007561794035635394,0.5182012847965739,validation,29
10,,,,2.0,1081.0,0.00396644561238744,0.002337055310309033,0.5578168362627197,validation,29
10,,,,3.0,633.0,0.006508649303712444,0.003439803439803324,0.5766192733017378,validation,29
10,,,,4.0,85.0,0.00931725195493573,0.009008206377018269,0.5647058823529412,validation,29
10,,,,6.0,1660.0,0.001184490717275394,0.0003605789097924639,0.5114457831325301,validation,29
10,,,,7.0,112.0,0.02172000956625079,0.02086063006788208,0.7589285714285714,validation,29
10,,,,8.0,177.0,-0.027124929882720073,-0.0024701195219122285,0.4632768361581921,validation,29
10,,,,9.0,168.0,0.0043186814813757374,0.0029555393611992997,0.5535714285714286,validation,29
10,,,,0.0,712.0,0.0022395262018523126,0.001288467301216456,0.547752808988764,test,29
10,,,,1.0,1658.0,0.0012637455880377317,0.000609100184799316,0.5247285886610374,test,29
10,,,,2.0,718.0,0.0025193706376013723,0.0017230834372611303,0.541782729805014,test,29
10,,,,3.0,527.0,0.002008007849363578,-0.00023413720440179642,0.4857685009487666,test,29
10,,,,4.0,30.0,0.005199638493299385,0.0003225273050437849,0.5333333333333333,test,29
10,,,,6.0,2081.0,0.0008669168215291575,0.0004070832485243425,0.5132148005766458,test,29
10,,,,7.0,63.0,0.007710009832682598,0.005193499748701758,0.5714285714285714,test,29
10,,,,8.0,56.0,0.0026090343052220443,-0.0010362317843820024,0.44642857142857145,test,29
10,,,,9.0,203.0,-0.005167837341955221,-0.0018188432157147938,0.458128078817734,test,29
4,0.1998532972965803,0.001635285799622552,4.0,,,,,,,30
6,0.2152744389226399,0.0021202983485416054,4.0,,,,,,,30
8,0.14807692886496945,0.0020183023288401717,4.0,,,,,,,30
10,0.14677920417290816,0.0022417170769382455,5.0,,,,,,,30
6,,,,0.0,833.0,0.002597029917699112,0.0016959352262158056,0.5498199279711885,validation,30
6,,,,1.0,1462.0,0.0016436336627741318,6.192225196399725e-05,0.5020519835841313,validation,30
6,,,,2.0,2.0,-0.008222887213187258,-0.008222887213187258,0.0,validation,30
6,,,,3.0,139.0,0.002940589495946614,-0.0020157068062828243,0.43884892086330934,validation,30
6,,,,4.0,3359.0,0.0012999403177465644,0.0007586832219979023,0.5284310806787734,validation,30
6,,,,5.0,253.0,-0.004843258156547719,-0.0018572351421188849,0.45454545454545453,validation,30
6,,,,0.0,1226.0,-0.0009246416456737856,-0.0014165219927784745,0.4706362153344209,test,30
6,,,,1.0,1175.0,-0.0005556808130937037,-0.001783590963139181,0.4408510638297872,test,30
6,,,,2.0,16.0,-0.021926573978975045,-0.019382677493887557,0.3125,test,30
6,,,,3.0,139.0,0.0018923900235754097,6.7476838574442866e-06,0.5035971223021583,test,30
6,,,,4.0,3188.0,-0.0019065223003521092,-0.0016643551904798048,0.4413425345043915,test,30
6,,,,5.0,331.0,-0.006230363492118119,-0.0056373316630128345,0.3293051359516616,test,30
4,0.192326217262559,0.0010571040454987154,1.0,,,,,,,31
6,0.13568704331225673,0.0008062971942415147,1.0,,,,,,,31
8,0.13963656800156354,0.0010270475829261187,1.0,,,,,,,31
10,0.14481909242284038,0.0009800280716874476,1.0,,,,,,,31
4,,,,0.0,162.0,0.0010571040454987154,-0.0004760168267540221,0.48148148148148145,validation,31
4,,,,1.0,3584.0,-0.002471690388427539,-0.0018873657123761323,0.439453125,validation,31
4,,,,2.0,774.0,-7.511170270717017e-05,-0.0017077504453805736,0.4573643410852713,validation,31
4,,,,3.0,1555.0,-0.0008161659409212514,-0.0019102196752626144,0.4366559485530547,validation,31
4,,,,0.0,209.0,0.0013588441835045023,0.0015245193529263013,0.5215311004784688,test,31
4,,,,1.0,3079.0,-0.0014300314956298694,-0.0014873574615764662,0.4546930821695356,test,31
4,,,,2.0,926.0,0.0006070070093650877,0.0007775999511491216,0.5064794816414687,test,31
4,,,,3.0,1897.0,0.0010870850170275656,0.0,0.4965735371639431,test,31
4,0.18363660458885706,0.000982415968243024,3.0,,,,,,,32
6,0.16661473474618382,0.004150018511681806,3.0,,,,,,,32
8,0.12425793371555124,0.0035977300394983923,3.0,,,,,,,32
10,0.12778993915707246,0.0035724695047375534,3.0,,,,,,,32
6,,,,0.0,258.0,0.009374036332740547,0.007185334515371733,0.6046511627906976,validation,32
6,,,,1.0,1413.0,-0.0022162195046853015,-0.0016471397060929815,0.4692144373673036,validation,32
6,,,,3.0,175.0,0.0019304918461135693,0.0013200075429002922,0.5142857142857142,validation,32
6,,,,4.0,2649.0,-0.0011214689570103104,-0.0012355520127540487,0.4571536428841072,validation,32
6,,,,5.0,1616.0,0.001145527356191302,-0.00019121455315129765,0.49504950495049505,validation,32
6,,,,0.0,305.0,0.007586430465878045,0.009985734664764712,0.6819672131147541,test,32
6,,,,1.0,794.0,0.0012248627344879225,0.0018674806171772307,0.5465994962216625,test,32
6,,,,2.0,2.0,-0.008594677094830638,-0.008594677094830638,0.5,test,32
6,,,,3.0,174.0,9.183202154751269e-05,0.0005977137262054288,0.5114942528735632,test,32
6,,,,4.0,3162.0,0.0009014086221381354,0.0009391330231738326,0.528146742567995,test,32
6,,,,5.0,1674.0,0.0022307467988605433,0.0010092189711597976,0.5370370370370371,test,32
4,0.18808074813991832,0.0018691356277710013,4.0,,,,,,,33
6,0.16889286112015975,0.003437067633906398,6.0,,,,,,,33
8,0.15779353394970308,0.0025177490429775535,6.0,,,,,,,33
10,0.12859693374270145,0.002572685507032141,7.0,,,,,,,33
6,,,,0.0,2829.0,0.0009811146725158108,0.001119542231620807,0.5341109932838459,validation,33
6,,,,1.0,241.0,0.0011665949132203953,0.0013948946854511757,0.5269709543568465,validation,33
6,,,,2.0,784.0,0.0015463531006262546,0.00202950239462385,0.5573979591836735,validation,33
6,,,,3.0,149.0,0.007043733061629187,0.0046885465505692725,0.6040268456375839,validation,33
6,,,,4.0,1975.0,0.0017570482889509556,0.0007299270072993469,0.5240506329113924,validation,33
6,,,,5.0,133.0,0.008127561766495787,0.013428287981859466,0.7593984962406015,validation,33
6,,,,0.0,3824.0,3.224862718605136e-05,-0.0005021008403360838,0.47855648535564854,test,33
6,,,,1.0,119.0,-0.0004802920347057283,-0.0009124087591240171,0.4369747899159664,test,33
6,,,,2.0,641.0,0.00036106146065094955,0.00015738117721131317,0.5039001560062403,test,33
6,,,,3.0,51.0,0.00878608184843775,0.00591715976331364,0.6274509803921569,test,33
6,,,,4.0,1503.0,8.73943758933684e-05,-0.0009689922480620172,0.45708582834331335,test,33
6,,,,5.0,26.0,0.0008390475155286398,-0.0006156317996443006,0.46153846153846156,test,33
4,0.27604267653148695,0.0012126633810775444,2.0,,,,,,,34
6,0.20790712656187416,9.84325075257773e-05,2.0,,,,,,,34
8,0.19760654205729972,0.0007158100336977961,3.0,,,,,,,34
10,0.1818751135724331,0.000618223448244686,5.0,,,,,,,34
4,,,,0.0,4776.0,-6.220076471696414e-05,-0.0007602281368821462,0.46984924623115576,validation,34
4,,,,1.0,1015.0,0.0006835981621469091,0.00043122035360054767,0.5064039408866995,validation,34
4,,,,2.0,346.0,0.0017417286000081798,-0.00024989351043119834,0.4884393063583815,validation,34
4,,,,3.0,27.0,-0.0037242898794511907,-0.0045045045045044585,0.3333333333333333,validation,34
4,,,,0.0,5073.0,0.0006101879423690206,0.0,0.4979302188054406,test,34
4,,,,1.0,803.0,0.0008104240259060139,0.0017241379310344307,0.5541718555417185,test,34
4,,,,2.0,329.0,0.0004421479730432979,-0.0010783256543476227,0.47112462006079026,test,34
4,,,,3.0,24.0,0.0035443189142953017,0.001409072841064729,0.5416666666666666,test,34
